tc3,n3
16518.77575,"""Loreta Larrimore """
16619.016749999995,"""Aliza Albrecht """
18323.622625000004,"""Max Moschella """
17239.954874999996,"""Jeanmarie Jaffe """